8652.56;Gran;Hersh;23:22;12/8/2022
25598.48;Sher;Gert;13:18;18/7/2022
73396.34;Toma;Larina;8:38;29/11/2021
7987.25;Edward;Ofella;16:29;13/11/2021
90604.07;Jayson;Gracie;8:20;14/2/2022
62134.41;Farr;Darb;19:04;3/8/2022
9241.03;Olympe;Ches;18:51;2/12/2021
83580.54;Adham;Cesaro;4:04;9/2/2022
95751.18;Rozina;Marlo;21:19;6/1/2022
30125.5;Domenic;Drake;9:49;4/6/2022
65933.44;Garek;Wolf;5:49;21/2/2022
56049.84;Lanette;Sidney;2:05;11/2/2022
11400.56;Nike;Nadiya;23:42;5/8/2022
43083.75;Oswell;Erica;7:14;24/6/2022
93149.22;Valina;Jeremie;9:17;26/11/2021
67229.71;Brett;Glynda;23:54;14/5/2022
88554.76;Shadow;Gibb;9:13;6/1/2022
94827.34;Sayre;Barde;18:02;17/2/2022
87739.21;Ira;Lowell;12:16;7/4/2022
73245.37;Norina;Sax;17:32;24/8/2022
9348.82;Vernen;Corry;6:50;9/3/2022
6971.55;Olive;Bertrand;16:36;8/9/2022
59001.42;Elia;Letta;0:19;28/10/2021
39806.29;Vevay;Trip;2:34;7/4/2022
92128.61;Franklyn;Dave;17:00;8/11/2021
28012.04;Pam;Corie;11:38;27/12/2021
7856.1;Gabriel;Pammy;20:43;20/8/2022
18898.82;Roselle;Mollee;16:39;18/9/2022
87955.54;Florian;Cecelia;22:26;16/3/2022
80256.05;Juana;Hayward;12:34;13/8/2022
63996.08;Ernaline;Ramsay;11:11;29/12/2021
63684.29;Mercedes;Dollie;12:40;27/11/2021
22103.6;Debby;Wald;9:19;21/6/2022
83967.62;Hector;Bridgette;13:11;23/1/2022
62270.45;Brooke;Colly;20:24;11/7/2022
33613.94;Auberta;Donelle;6:48;22/1/2022
80962.37;Ginnie;Penn;12:37;29/11/2021
45787.47;Magdalene;Rochester;8:24;22/5/2022
59641.25;Linette;Marcy;1:19;31/7/2022
32566.67;Debi;Forbes;19:43;7/2/2022
83371.35;Idell;Nealy;13:59;10/8/2022
39477.21;Yorgos;Gerladina;18:57;11/5/2022
8629.43;Cassy;Norbie;5:18;1/8/2022
94552.7;Edee;Annabal;15:50;14/9/2022
31218.91;Lexine;Edwin;1:36;3/5/2022
58518.16;Meta;Gauthier;20:54;11/6/2022
68276.3;Wainwright;Fowler;5:54;1/1/2022
28316.07;Lucio;Skipper;8:14;18/2/2022
24669.42;Jard;Camille;16:59;9/12/2021
62015.35;Andre;Markus;21:00;23/10/2021
35274.51;Kermit;Margret;14:58;12/5/2022
25670.93;Elvira;Meryl;13:20;2/4/2022
37652.43;Katya;Bronnie;23:02;20/9/2022
98518.76;Kessiah;Mariette;2:20;12/3/2022
17644.77;Joye;Jordan;6:44;3/3/2022
27080.92;Willis;Teressa;15:11;17/11/2021
52302.22;Lucienne;Shelbi;13:52;4/9/2022
87182.43;Heidie;Terrell;17:53;12/7/2022
2860.61;Adam;Junie;6:43;14/10/2022
44522.65;Salvatore;Sandy;6:59;21/3/2022
28894.62;Debora;Rosaline;20:43;20/7/2022
57721.61;Sherm;Cal;9:27;4/5/2022
24428.41;Koral;Fidole;9:50;8/9/2022
52402.82;Hamish;Rubina;18:43;5/5/2022
28767.89;Yanaton;Ebony;18:54;18/8/2022
36151.51;Agnola;Lindy;18:13;22/12/2021
35039.48;Ewart;Hadria;14:18;10/1/2022
62179.84;Wilt;Tybie;7:40;11/5/2022
24871.18;Mathilde;Maurizio;20:08;6/9/2022
18361.58;Rae;Doria;22:07;25/8/2022
33693.88;Eduard;Rayner;20:31;19/9/2022
24266.23;Caz;Erik;15:56;3/11/2021
23140.97;Nedi;Maiga;3:31;2/4/2022
79680.65;Janey;Alie;7:01;4/8/2022
88202.63;Odelinda;Lisa;18:02;20/10/2021
70922.08;Monah;Charleen;23:37;21/5/2022
11906.01;Tandie;Star;11:33;27/2/2022
22686.0;Berky;Thomasine;19:02;6/7/2022
78109.51;Clareta;Ezequiel;5:35;4/8/2022
13668.06;Russ;Cedric;1:35;5/2/2022
75265.63;Peria;Natasha;12:35;30/7/2022
49053.82;Stephani;Charmion;4:23;30/6/2022
74640.63;Kitty;Bud;8:51;7/10/2022
96666.57;Bess;Georas;18:46;28/8/2022
96639.24;Ninon;Oralee;10:32;23/7/2022
90049.46;Jobyna;Jayne;3:40;5/4/2022
44918.89;Ania;Alvina;7:51;1/12/2021
88287.54;Alphard;Mirella;20:35;15/11/2021
66714.25;Giavani;Horatia;0:26;25/12/2021
53235.54;Uriah;Elmer;15:18;27/3/2022
88577.95;Lyssa;Portia;1:31;30/7/2022
16577.56;Tracie;Demetris;5:19;19/2/2022
33426.15;Ker;Lynnett;14:31;18/6/2022
79756.12;Jodie;Quincy;13:58;16/12/2021
45471.92;Darla;Maxim;7:12;21/6/2022
62612.05;Franky;Waring;1:20;28/10/2021
77226.93;Rozella;Far;4:55;13/8/2022
99535.26;Daisey;Norina;3:14;26/9/2022
75141.76;Lanette;Raffarty;15:30;31/7/2022
1996.62;Rriocard;Lorelle;4:01;20/10/2021
53267.17;Sallyann;Stephen;12:42;10/6/2022
70256.73;Thorpe;Ardine;0:27;4/9/2022
40322.99;Delcine;Jon;6:26;23/8/2022
20345.17;Early;Marty;17:27;1/2/2022
80013.29;Iain;Abbey;3:16;25/11/2021
97851.91;Lilias;Ebenezer;18:46;18/1/2022
99259.58;Florrie;Wyatt;13:23;31/5/2022
26577.5;Joni;Dina;7:08;15/4/2022
84384.56;Natty;Clarabelle;7:08;12/12/2021
83852.78;Pris;Hope;7:32;3/2/2022
21469.2;Peggi;Quillan;1:10;6/8/2022
91837.31;Robenia;Valaree;23:46;26/7/2022
84257.12;Ludwig;Zabrina;1:03;14/12/2021
53249.64;Neely;Muffin;6:40;28/8/2022
34152.11;Derron;Eddy;22:14;6/11/2021
85835.22;Iver;Ricki;8:19;27/9/2022
75503.75;Salim;Wilden;3:38;17/8/2022
83688.09;Lucien;Brewster;5:58;19/8/2022
59383.48;Melesa;Jo ann;17:18;28/9/2022
68729.31;Terri-jo;Cori;16:36;27/4/2022
88048.73;Jilly;Mac;16:59;10/4/2022
59562.81;Natala;Corissa;18:22;12/2/2022
77697.51;Grady;Siward;19:07;16/9/2022
83542.68;Reinaldos;Mal;17:43;14/6/2022
35269.34;Duff;Rozina;1:33;11/9/2022
11231.39;Fawne;Darwin;10:41;21/9/2022
71887.62;Giffy;Shaun;7:34;18/3/2022
36740.2;Orville;Bobbi;8:52;13/11/2021
37613.35;Lucille;Angela;16:04;15/1/2022
47962.12;Willette;Gweneth;16:45;19/12/2021
34450.41;Julieta;Rosabella;4:13;7/10/2022
37876.45;Danie;Arney;7:24;1/11/2021
73232.01;Marilin;Clarie;5:56;2/3/2022
20985.26;Violette;Brittney;23:54;5/7/2022
14078.9;Bernadine;Manon;3:08;20/8/2022
50740.68;Hannis;Mylo;21:37;25/8/2022
20127.65;Arliene;Duky;18:22;30/5/2022
35722.74;Faustine;Esme;5:50;23/7/2022
65515.03;Ranice;Phillie;21:49;21/12/2021
40477.05;Nils;Dilly;20:31;21/2/2022
39076.17;Carry;Misty;3:54;17/4/2022
62540.0;Maddy;Elvina;10:02;9/5/2022
55918.62;Mariana;Jinny;23:35;30/5/2022
52452.26;Seymour;Byram;21:40;26/2/2022
4808.56;Elna;Kean;21:04;31/8/2022
18428.84;Diandra;Clemmie;22:02;12/8/2022
57501.95;Lydie;Chere;20:32;25/10/2021
85973.03;Yalonda;Riki;19:57;18/10/2021
69097.74;Emera;Farlee;3:29;9/10/2022
23889.12;Lezlie;Kristoforo;23:44;22/5/2022
23009.83;Isacco;Randa;16:08;25/10/2021
96768.0;Michail;Filmer;3:57;11/2/2022
34599.01;Bird;Aprilette;5:08;20/2/2022
68239.3;Bartolemo;Ring;0:25;26/12/2021
95046.2;Marlane;Mel;23:55;2/8/2022
33389.29;Giacinta;Kenneth;2:28;27/11/2021
21409.59;Neile;Farrel;20:07;28/11/2021
44225.68;Terrell;Madalyn;1:55;29/11/2021
13150.74;Bella;Lorenzo;21:04;17/11/2021
77830.57;Jillene;Toma;16:19;5/8/2022
26934.78;Kaitlynn;Jammie;17:07;28/2/2022
45928.68;Charlotta;Forester;23:47;28/3/2022
55340.24;Tommy;Mallissa;18:18;7/2/2022
37008.32;Abba;Sal;3:59;15/9/2022
62202.27;Margit;Coral;2:58;27/9/2022
14221.08;Verina;Blaine;19:47;26/1/2022
10821.36;Damiano;Tabby;13:25;11/7/2022
68669.21;Erskine;Melodie;4:54;5/12/2021
33018.87;Grenville;Jacintha;1:58;7/1/2022
39312.3;Eadie;Jojo;13:18;19/9/2022
46634.88;Dorene;Ginger;13:27;21/9/2022
39224.54;Chelsy;Estell;5:24;2/8/2022
42372.56;Roanna;Ward;22:27;19/5/2022
42388.76;Weider;Issie;21:09;10/7/2022
58571.46;Leone;Sigmund;2:12;16/9/2022
37128.84;Lucille;Patric;9:52;19/11/2021
48029.75;Goddard;Hetty;0:28;3/7/2022
17073.65;Licha;Colline;22:40;27/2/2022
16841.4;Beverlie;Ashli;23:35;12/8/2022
16715.22;Hinze;Caty;20:08;25/5/2022
2743.05;Alecia;Jeniece;18:05;3/11/2021
64734.62;Fergus;Leese;8:12;29/5/2022
38301.95;Ag;Gregorio;10:49;22/12/2021
53112.65;Carey;Lilian;5:04;12/8/2022
91959.54;Steffi;Loreen;7:55;19/5/2022
83357.78;Dorrie;Ly;4:28;6/7/2022
60190.99;Ulysses;Eduardo;21:46;11/1/2022
99754.9;Nollie;Robby;18:07;16/1/2022
52164.38;Craig;Arlana;13:37;6/4/2022
57377.39;Mace;Corie;15:33;26/11/2021
17474.13;Keven;Catlee;7:52;17/2/2022
25488.49;Jorry;Thorndike;3:39;21/7/2022
2602.29;Pablo;Carolan;16:40;12/3/2022
24879.93;Renee;Bartlet;1:23;17/8/2022
75856.74;Chelsae;Ellerey;8:46;1/8/2022
26085.87;Adela;Emelda;22:02;6/2/2022
61827.76;Isa;Cchaddie;17:06;26/11/2021
42445.83;Niel;Jesse;16:23;22/8/2022
18415.89;Hollyanne;Dacey;6:10;18/8/2022
68579.0;Casey;Bunny;17:51;25/12/2021
24010.29;Addison;Madelene;2:28;17/8/2022
34098.72;Kameko;Sascha;19:39;26/3/2022
45272.14;Emalia;Dannye;13:14;5/7/2022
63316.66;Zulema;Georgia;11:22;16/4/2022
65093.38;Dorene;Alisha;15:39;4/7/2022
20378.17;Dennie;Derwin;10:45;8/3/2022
48373.33;Heloise;Rheba;15:06;5/6/2022
29247.44;Tresa;Kali;8:23;7/2/2022
1316.75;Minda;Gaylor;12:10;23/4/2022
63198.82;Engracia;Doe;0:37;25/2/2022
81409.62;Torr;Clyve;7:02;25/4/2022
79094.26;Nappy;Abeu;20:41;26/7/2022
34277.86;Lissie;Cletus;15:12;21/5/2022
20439.57;Oliver;Deirdre;15:47;14/1/2022
74713.38;Celisse;Eb;23:41;2/3/2022
96484.23;Frasquito;Andromache;0:16;22/8/2022
46916.8;Eydie;Abigael;17:07;25/4/2022
91981.35;Antoinette;Molly;9:46;13/1/2022
31267.5;Mercy;Enrichetta;0:08;9/7/2022
22237.52;Lindsy;Barbi;6:13;15/8/2022
54537.98;Codee;Dacy;2:50;5/7/2022
90434.3;Steward;Ted;14:02;29/9/2022
38013.47;Tiffy;Wylma;14:52;18/9/2022
36247.24;Edithe;Munmro;8:45;17/7/2022
68306.5;Bondon;Carrissa;20:10;24/1/2022
914.63;Zorina;Myrvyn;6:08;19/1/2022
37785.42;Gloriana;Amabel;14:16;16/9/2022
65788.75;Kylie;Lavena;9:17;14/1/2022
12490.15;Milton;Ashleigh;15:53;16/10/2022
41045.05;Rosalynd;Katha;4:54;11/3/2022
16128.35;Charis;Jennette;9:33;18/12/2021
99874.0;Eberto;Larry;18:01;29/10/2021
79684.85;Wildon;Drusilla;4:05;7/11/2021
28418.88;Margarette;Wadsworth;22:47;30/7/2022
4747.81;Chen;Candide;4:46;4/11/2021
14678.38;Bordie;Phylis;8:50;15/4/2022
56636.14;Lenette;Emilia;13:24;25/3/2022
31634.37;Ambrosius;Maressa;17:58;12/11/2021
30826.76;Dolli;Merwin;17:07;30/5/2022
4980.89;Rourke;Wilhelmine;10:15;31/7/2022
34646.53;Mirabelle;Dulsea;23:17;12/10/2022
15502.68;Charlot;Biddy;15:11;1/11/2021
32861.73;Abbie;Thorny;15:45;10/7/2022
18559.47;Appolonia;Berrie;15:32;21/4/2022
32627.79;Shandeigh;Kylen;5:59;9/5/2022
29418.04;Adora;Brietta;15:18;5/9/2022
54513.32;Jenica;Leigh;14:20;21/3/2022
20401.97;Michell;Gabbie;12:14;18/7/2022
5490.67;Brittani;Forbes;1:16;29/12/2021
27782.27;Auberon;Cordey;18:36;2/5/2022
44565.72;Lilias;Michal;11:03;6/6/2022
46028.08;Monro;Mellisent;22:44;7/9/2022
18061.06;Shurlock;Ringo;0:05;2/2/2022
15533.92;Lina;Marlyn;22:05;26/1/2022
46239.1;Joice;Garrott;14:34;24/8/2022
6320.09;Karalynn;Trisha;4:17;16/3/2022
87592.13;Abeu;Nichole;23:30;3/5/2022
47223.63;Ernestine;Otes;7:42;31/1/2022
71212.54;Lizette;Mignon;18:49;31/7/2022
90657.92;Cassius;Helenelizabeth;15:31;3/9/2022
28414.38;Lemmy;Xerxes;2:57;22/11/2021
1719.94;Kinnie;Hana;13:27;14/7/2022
35466.53;Nettle;Hart;20:14;9/2/2022
24540.11;Correy;Geralda;10:57;26/4/2022
21018.46;Debora;Hillard;23:32;1/2/2022
81224.2;Stella;Kin;23:15;21/1/2022
29855.65;Kizzie;Garek;0:37;4/2/2022
86026.79;Mariejeanne;Sigfrid;10:36;2/11/2021
58451.19;Shelli;Hanni;7:02;30/12/2021
12238.83;Hastings;Roarke;11:37;25/3/2022
73356.12;Giovanna;Leonelle;21:09;27/11/2021
97367.22;Sid;Ashlan;7:00;1/4/2022
73103.27;Alfred;Olav;4:21;5/2/2022
59958.54;Ephraim;Ellis;7:41;25/8/2022
10299.64;Alena;Jourdan;19:26;17/1/2022
72219.02;Issie;Orelia;2:23;18/1/2022
1067.55;Mae;Gasparo;4:06;2/2/2022
30531.03;Arabele;Florencia;6:21;3/11/2021
69614.77;Della;Alfie;14:30;2/4/2022
88500.11;Adriano;Piotr;2:50;22/3/2022
99996.31;Bernie;Gordon;19:21;24/1/2022
69084.69;Asher;Glenn;8:59;22/11/2021
62467.2;Alec;Queenie;4:16;11/9/2022
98583.61;Ariadne;Celinka;9:41;29/11/2021
66418.94;Randy;Land;1:55;25/3/2022
13733.0;Benyamin;Lowe;17:33;15/5/2022
27720.51;Mufinella;Jenifer;17:24;17/5/2022
31140.2;Alyss;Hamilton;14:23;5/3/2022
94223.49;Halimeda;Carlynne;23:33;15/11/2021
4779.0;Stanton;Neel;13:12;26/3/2022
34930.96;Brana;Goddart;14:37;24/10/2021
3664.91;Colver;Carlee;0:35;14/4/2022
85772.91;Ambrosi;Xavier;14:36;1/8/2022
91919.03;Hettie;Tarrance;3:37;26/5/2022
2261.18;Maxy;Page;20:37;5/3/2022
52298.4;Fayette;Kira;16:00;16/8/2022
32369.63;Olia;Liliane;13:06;22/3/2022
89172.98;Berry;Lorrayne;11:50;24/8/2022
98223.71;Eudora;Buddie;14:26;3/10/2022
73538.87;Josiah;Kipper;11:31;14/5/2022
66901.73;Marin;Jillene;23:04;16/2/2022
37405.49;Glennis;Lance;22:31;27/5/2022
77880.62;Randene;Rey;8:20;16/11/2021
70776.73;Kelsey;Bron;17:03;12/6/2022
97139.78;Aksel;Hasty;11:00;22/11/2021
28195.61;Brand;Bessie;22:42;29/6/2022
49506.09;Germana;Sherye;8:45;15/9/2022
86283.37;Robbi;Yancey;23:42;31/8/2022
23290.38;Jenda;Orel;14:57;24/9/2022
73705.99;Mannie;Kassey;20:23;3/8/2022
43389.58;Bran;Johny;9:02;27/4/2022
17189.53;Randene;Phoebe;2:51;12/8/2022
60486.55;Briano;May;23:02;29/4/2022
47781.92;Corey;Idaline;0:02;5/5/2022
40049.4;Benedict;Carlen;4:23;11/5/2022
44843.49;Odelinda;Cathy;8:34;13/4/2022
73944.0;Enrica;Darcie;17:29;16/3/2022
99182.17;Sigfried;Kiele;7:10;10/1/2022
19766.98;Sibilla;Way;13:30;22/4/2022
25377.36;Darbee;Amberly;5:16;5/1/2022
54745.67;Marysa;Carlyle;14:15;11/5/2022
61319.67;Gavra;Roxanne;13:25;26/6/2022
22316.6;Nelie;Clareta;22:01;3/2/2022
49939.49;Vicki;Pat;17:20;8/4/2022
13238.6;Eunice;Alvie;7:24;12/10/2022
57806.2;Kore;Kellia;16:17;23/8/2022
61758.23;Christophe;Archy;21:19;2/11/2021
66423.87;Nikita;Barnard;9:58;19/1/2022
38096.22;Mycah;Elisa;18:29;30/1/2022
56817.45;Maribelle;Oberon;8:15;17/10/2021
31077.09;Gwenore;Decca;23:47;3/3/2022
69824.24;Fina;Vanda;5:20;3/8/2022
31421.88;Ferris;Riannon;8:32;30/8/2022
97054.32;Avie;Pen;15:53;7/3/2022
99850.59;Gradeigh;Emlen;22:14;7/1/2022
77105.7;Rriocard;Inga;20:29;22/12/2021
43038.78;Thibaud;Lek;14:11;24/2/2022
13039.14;Denise;Lotta;23:51;19/5/2022
18360.66;Minne;Alvie;6:09;31/5/2022
84932.99;Ursola;Chanda;13:41;15/9/2022
42301.26;Elvina;Leoline;19:14;30/9/2022
90843.62;Sheeree;Austin;18:10;22/11/2021
63121.83;Cody;Jeth;10:54;1/8/2022
83005.15;Albertina;Maribel;0:05;2/10/2022
98804.8;Brigid;Gertrudis;18:51;14/4/2022
7713.79;Eachelle;Auroora;8:34;1/12/2021
45767.57;Heriberto;Marty;17:52;13/5/2022
64423.28;Celie;Joanna;3:10;17/6/2022
69940.34;Bertie;Tommi;11:36;30/12/2021
60001.0;Florie;Sindee;18:50;4/4/2022
8680.24;Phyllys;Christie;7:38;20/2/2022
87184.85;Thaine;Nobe;9:00;26/3/2022
18591.08;Rudiger;Renee;15:38;9/12/2021
55326.05;Mayor;Curtice;21:48;12/9/2022
67120.27;Page;Johnnie;12:51;16/7/2022
41860.68;Emanuel;Raimondo;2:02;29/10/2021
44014.31;Myles;Maybelle;0:49;10/8/2022
29298.21;Kirstin;Meade;14:04;22/8/2022
68616.12;Katha;Jacquenetta;14:40;26/9/2022
64491.22;Francesca;Dana;15:42;20/4/2022
37981.04;Esma;Misha;23:11;22/11/2021
45766.94;Berk;Waylen;15:12;11/5/2022
18173.73;Kimball;Kacie;10:35;4/12/2021
87920.74;Immanuel;Rheba;0:00;1/7/2022
48829.0;Almeda;Laural;1:25;18/9/2022
33927.08;Ailis;Hollis;12:08;26/2/2022
19948.02;Noak;Winfred;16:42;23/9/2022
38538.11;Arielle;Quint;18:25;14/6/2022
58891.07;Valentijn;Valera;14:11;18/10/2021
42256.93;Orion;Maudie;9:10;25/2/2022
36165.79;Tiffany;Meier;19:44;10/9/2022
50360.12;Carlene;Kenton;18:36;14/1/2022
39028.19;Kathie;Trixie;23:30;20/2/2022
77582.04;Mariya;Lorette;2:41;2/10/2022
51370.35;Kristel;Aleksandr;16:15;24/6/2022
5451.53;Lanie;Ferdinanda;11:30;8/1/2022
47625.83;Urbano;Gabriell;21:28;8/9/2022
51328.37;Skylar;Bernard;3:05;12/5/2022
21575.97;Etheline;Sibylle;14:25;23/2/2022
95362.99;Inger;Barbara;12:23;4/7/2022
77838.6;Johan;Eugine;3:19;28/2/2022
114.88;Annadiana;Marty;4:12;21/9/2022
77064.03;Milt;Jayme;21:45;23/2/2022
27359.53;Frank;Jacky;12:01;13/8/2022
40756.09;Harvey;Gabbey;22:57;27/10/2021
95187.61;Rianon;Wainwright;21:29;23/1/2022
6083.5;Harrison;Rosalinde;1:21;23/7/2022
29645.7;Marilin;Nada;21:00;1/5/2022
28731.54;Ikey;Mervin;10:57;3/9/2022
53914.95;Teodoro;Meggy;21:53;17/10/2021
75239.17;Niki;Goldi;18:36;27/10/2021
32347.21;Rice;Lee;9:27;5/3/2022
19431.72;Shauna;Pace;2:03;5/1/2022
15357.93;Bradly;Elbertine;11:26;2/4/2022
53705.72;Cybill;Marinna;2:12;9/11/2021
19734.11;Dawn;Mario;19:57;20/7/2022
4561.89;Niccolo;Kelvin;6:43;7/10/2022
51178.94;Patricia;Jeth;2:14;16/6/2022
72850.21;Boote;Sansone;12:06;3/2/2022
64520.07;Panchito;Richardo;17:46;27/2/2022
83302.4;Merrick;Iosep;6:52;11/12/2021
50026.27;Leanna;Lynn;10:41;17/12/2021
20754.94;Deerdre;Van;13:47;7/5/2022
35636.84;Zaccaria;Juliane;15:50;3/10/2022
98793.7;Galven;Albert;7:43;19/11/2021
90471.82;Constancy;Bradley;0:14;30/5/2022
90848.53;Elisha;Kennith;16:45;14/3/2022
23572.33;Gav;Phil;0:57;3/5/2022
71828.08;Johannes;Jamey;10:59;11/7/2022
7390.89;Evita;Bald;8:47;6/1/2022
15493.49;Tobi;Jarrett;19:25;7/2/2022
2266.93;Simon;Nedda;1:50;17/9/2022
38741.59;Kalina;Baryram;17:24;20/2/2022
99580.08;Dukie;Pietra;16:45;31/8/2022
58026.35;Clevey;Terra;19:35;19/9/2022
31395.91;Archibaldo;Salomon;0:41;22/10/2021
86912.18;Mirabel;Jilleen;19:06;21/8/2022
55275.27;Mike;Terrijo;12:38;27/5/2022
15085.38;Junina;Graig;21:30;4/5/2022
13416.71;Filia;Vlad;9:35;10/5/2022
49718.86;Niko;Lisle;10:53;22/3/2022
18532.79;Gerda;Elysee;8:26;14/7/2022
62554.46;Dominica;Yankee;13:00;11/11/2021
62260.52;Lacee;Dory;13:57;1/7/2022
32727.05;Phyllis;Kristo;16:21;7/10/2022
48799.68;Annmaria;Rene;1:41;2/4/2022
88617.05;Bel;Sophie;4:00;4/1/2022
28164.33;Sandye;Diahann;3:17;3/5/2022
33096.09;Aguie;Faustine;22:04;19/11/2021
86075.94;Jacintha;Melly;1:09;22/6/2022
44596.18;Ethelyn;Niki;10:04;10/5/2022
67696.78;Lonnie;Farley;1:07;13/9/2022
74864.17;Oriana;Aubree;2:05;28/1/2022
34288.08;Zulema;Christie;8:29;20/3/2022
55890.58;Jeremie;Tamarah;12:06;23/2/2022
14554.77;Erl;Adelina;4:55;4/10/2022
51302.72;Maure;Othilia;18:57;20/7/2022
67770.74;Phyllys;Constantino;1:05;21/11/2021
22490.7;Lorry;Karola;11:22;20/12/2021
83337.25;Leonelle;Sydney;7:00;25/5/2022
13882.53;Ardenia;Karlyn;1:30;17/9/2022
11201.0;Jaimie;Francklin;20:19;22/6/2022
59937.57;Shalna;Caresa;7:17;13/10/2022
17539.65;Jacynth;Vanda;9:10;10/9/2022
78439.99;Ahmad;Boris;9:58;22/11/2021
38940.06;Lorene;Shellie;21:02;9/7/2022
53699.93;Laura;Guendolen;1:51;1/5/2022
47589.73;Orsa;Albie;8:23;29/6/2022
46718.3;Ahmad;Yasmeen;13:59;29/7/2022
88499.11;Caralie;Karlyn;11:35;29/9/2022
78110.72;Aland;Emmerich;15:57;23/3/2022
54352.91;Lexy;Ronny;12:38;2/5/2022
39380.09;Brenn;Gussie;2:19;2/5/2022
8251.59;Aubrey;Allix;23:04;26/10/2021
97764.83;Kenna;Blaine;21:15;24/8/2022
98952.42;Aurora;Corrianne;0:56;29/9/2022
36561.34;Anjanette;Lyssa;21:25;19/4/2022
27228.28;Nikolas;Gray;20:35;25/7/2022
26715.51;Dory;Gill;4:56;10/6/2022
10486.99;Isabeau;Dacey;23:54;10/2/2022
4100.96;Tomaso;Sharona;4:12;11/8/2022
63251.07;Stanislaw;Bentlee;8:56;18/4/2022
34649.53;Willa;Caesar;14:20;25/9/2022
74384.0;Jandy;Colly;8:45;21/10/2021
98221.2;Dennison;Mirna;18:44;14/7/2022
43175.59;Eduino;Darill;3:08;8/8/2022
96740.56;Geoffrey;Marie;12:25;17/4/2022
44611.57;Theodor;Land;15:37;19/6/2022
19593.51;Waite;Randa;8:17;28/9/2022
64199.25;Fanny;Griselda;4:44;7/8/2022
11825.19;Enrika;Kacie;0:30;5/7/2022
23689.12;Jeth;Gael;0:52;27/6/2022
40710.34;Warden;Corene;19:56;31/10/2021
60040.01;Gianni;Roger;9:07;11/1/2022
93403.63;Morly;Kylen;12:18;12/11/2021
93518.8;Dedra;Alexina;6:06;21/3/2022
78970.99;Ewart;Gladys;20:45;4/7/2022
19284.45;Sheela;Osbert;7:37;15/3/2022
86257.79;Tamarah;Filbert;22:40;17/12/2021
15145.38;Marcellina;Roman;23:54;8/12/2021
82299.95;Dieter;Dane;16:49;12/3/2022
83774.48;Jerrylee;Flinn;16:15;7/6/2022
49290.91;Sara;Ruttger;6:51;10/10/2022
3605.17;Prisca;August;7:25;13/6/2022
9952.88;Mack;Amitie;16:45;8/9/2022
36130.57;Barby;Christiano;21:58;23/5/2022
14139.25;Kimmi;Donna;8:58;4/4/2022
96436.33;Gayel;Bird;13:04;20/4/2022
75195.29;Jefferey;Lacey;10:30;29/4/2022
62816.85;Analiese;Gail;7:59;12/10/2022
74173.69;Gabby;Luciana;9:44;9/6/2022
71331.43;Orton;Katrina;22:35;7/10/2022
69001.0;Kippy;Delmor;7:36;7/3/2022
55537.74;Alphonso;Inge;4:37;1/12/2021
40540.6;Missy;Sandy;5:03;1/11/2021
35754.0;Tierney;Minta;17:27;27/11/2021
20936.22;Ibbie;Clareta;8:14;12/5/2022
94163.21;Nathanial;Raimundo;20:21;12/9/2022
2640.17;Shirley;Viviana;17:16;4/2/2022
89798.61;Alwin;Arabela;11:01;5/8/2022
32482.47;Sal;Gaston;18:26;16/10/2022
73178.48;Carolus;Lurette;23:49;18/7/2022
82883.88;Gilemette;Mic;7:10;7/11/2021
6652.36;Jo-anne;Avrom;21:48;21/8/2022
38317.85;Bryana;Elspeth;18:34;8/8/2022
18252.49;Piggy;Alisha;16:52;16/5/2022
14664.14;Dewitt;Artur;14:18;6/5/2022
97827.17;Claudette;Cherise;21:35;27/2/2022
39678.23;Concordia;Bartlett;23:25;29/12/2021
20251.64;Desmond;Allyce;17:13;24/3/2022
73908.86;Federico;Arnaldo;8:28;18/10/2021
7256.44;Lambert;Bryce;1:04;26/1/2022
10812.95;Mozelle;Hedvig;4:46;9/5/2022
47345.42;Joyan;Neala;14:57;30/5/2022
23919.06;Erl;Ivett;15:47;15/2/2022
30163.08;Eberto;Delia;12:29;6/6/2022
88476.61;Paulette;Thorny;23:25;8/3/2022
54988.61;Darrel;Sib;14:53;9/12/2021
3514.58;Cairistiona;Kimmy;11:35;13/4/2022
31310.88;Daven;Bella;16:03;8/11/2021
74064.43;Inessa;Joby;23:50;18/9/2022
36083.86;Austen;Friedrick;9:50;18/7/2022
4048.85;Coralie;Ricki;15:08;26/1/2022
2830.86;Taber;Teodoro;23:21;8/9/2022
91663.99;Alexis;Berkeley;18:48;30/6/2022
28909.81;Ringo;Catherina;15:20;29/11/2021
55197.53;Dyanne;Sophey;22:56;7/12/2021
73784.44;Lynnea;Alejandrina;2:39;30/11/2021
77771.7;Rozina;Stephannie;19:11;23/8/2022
60492.59;Bradford;Bendix;4:17;1/5/2022
93623.72;Natale;Timmi;6:55;6/5/2022
1516.18;Courtney;Grethel;18:53;5/10/2022
10157.52;Chantal;Karissa;16:53;2/1/2022
81345.15;Lorene;Melloney;20:17;3/6/2022
75704.16;Lotty;Lotti;9:52;16/6/2022
48183.09;Jessika;Bay;23:38;12/6/2022
24099.64;Phillipp;Melanie;22:30;2/2/2022
92401.04;Darryl;Alida;10:34;14/11/2021
2518.88;Teddie;Sibella;18:39;4/12/2021
65764.26;Gray;Cacilia;20:52;19/10/2021
60181.45;Valentijn;Cale;22:13;10/9/2022
2839.86;Melina;Vita;16:09;25/12/2021
96176.81;Xena;Ninnetta;18:45;30/3/2022
75102.97;Rana;Orton;18:32;1/9/2022
99982.84;Bernardina;Corby;13:27;5/7/2022
62129.42;Feodor;Yul;12:30;21/9/2022
38381.21;Harlin;Fidelity;7:06;16/4/2022
52197.84;Ninnetta;Ula;23:24;20/7/2022
90924.93;Michaela;Mohandas;19:29;28/5/2022
59103.2;Abraham;Zeke;1:20;6/2/2022
93093.97;Sasha;Tedman;15:05;15/7/2022
16324.97;Dallis;Donna;5:10;19/10/2021
29338.07;Ginger;Marleah;22:49;13/8/2022
47600.72;Teodoor;Kellen;8:49;5/8/2022
57117.21;Barnie;Derick;23:08;12/7/2022
16706.58;Man;Karlie;17:59;9/6/2022
51107.93;Joyous;Francene;1:38;3/7/2022
40141.57;Filberte;Norah;11:25;13/3/2022
53329.59;Sapphire;Rudolph;2:59;25/9/2022
9871.11;Charmine;Sibeal;10:04;17/9/2022
53835.85;Merrielle;Eilis;10:45;13/10/2022
60794.06;Winnifred;Valentia;20:43;6/11/2021
8349.66;Tani;Sloan;13:27;26/3/2022
21247.08;Noble;Sephira;12:41;10/10/2022
63651.9;Robbyn;Shanda;16:16;21/8/2022
36809.49;Jesse;Daisy;19:10;11/8/2022
90065.92;Cordey;Ros;4:22;25/4/2022
65608.28;Sharleen;Ernie;15:31;26/8/2022
23213.82;Barton;Casar;20:11;26/5/2022
78317.76;Melodie;Klarrisa;10:12;3/1/2022
85160.2;Jeniece;Aymer;8:33;25/9/2022
89295.03;Othilie;Joell;1:13;8/6/2022
24854.69;Shea;Beverley;11:18;19/8/2022
72910.85;Phylis;Isaac;19:27;26/7/2022
75964.0;Niel;Yoshi;5:28;4/8/2022
82825.27;Adriana;Flossie;14:20;17/12/2021
83930.12;Giralda;Christan;3:41;1/4/2022
79158.47;Leandra;Brana;6:39;27/11/2021
53516.45;Katlin;Averill;15:03;14/9/2022
39957.26;Emily;Hillard;13:08;4/10/2022
37764.83;Emanuel;Vidovic;5:04;13/1/2022
61178.2;Nerti;Goldarina;23:29;7/1/2022
90977.79;Ellissa;Gray;19:55;26/2/2022
55000.68;Ellie;Louis;8:03;8/9/2022
21704.58;Gawain;Laurice;1:56;6/7/2022
97245.28;Tonye;Clementina;6:25;27/10/2021
81095.96;Sammy;Chick;7:43;14/2/2022
45956.88;Kathye;Caddric;17:31;28/8/2022
63829.86;Nickolaus;Inger;23:08;29/3/2022
14976.05;Adelina;Brynn;21:27;13/5/2022
15835.99;Brinn;Hardy;13:50;6/10/2022
38198.15;Bride;Aile;9:58;25/5/2022
67317.67;Cammie;Cherrita;5:23;30/4/2022
86133.6;Jackelyn;Fawnia;2:27;27/3/2022
24126.95;Saudra;Percy;7:26;15/2/2022
35128.69;Lucina;Mervin;11:00;29/10/2021
10263.45;Putnam;Wenda;10:25;25/4/2022
25014.72;Theda;Terrance;2:05;4/10/2022
19329.27;Pieter;Genia;8:31;5/7/2022
57370.77;Maud;Donielle;9:47;20/9/2022
9284.09;Darda;Keslie;17:56;29/6/2022
51701.77;Kissiah;Franny;20:51;25/12/2021
55526.73;Anne-marie;Niel;0:21;2/7/2022
52429.38;Vally;Klarrisa;17:41;26/7/2022
97792.82;Kimberlee;Melisande;6:14;11/8/2022
87728.71;Carissa;Clio;18:06;24/3/2022
63436.78;Tom;Karel;10:26;10/12/2021
71225.15;Johnath;Janette;8:56;31/7/2022
78672.76;Nickolas;Bibby;10:36;18/4/2022
80695.85;Constancy;Rachele;16:59;11/5/2022
26935.95;Sherye;Valentijn;17:48;7/1/2022
61469.33;Sargent;Ursula;20:52;25/9/2022
10378.46;Justinn;Lorrin;14:24;26/2/2022
73299.62;Cynthia;Gaylord;12:57;8/5/2022
64291.01;Shawna;Stefanie;15:38;22/2/2022
82358.73;Abner;Vina;20:38;3/3/2022
90088.28;Genevra;Prince;13:10;1/3/2022
31691.36;Vinny;Cullan;19:33;27/11/2021
57119.74;Bayard;Babita;5:55;6/9/2022
50724.66;Falito;Caril;7:08;4/4/2022
81902.53;Lou;Rachael;14:49;24/4/2022
25858.48;Keelia;Sally;0:48;28/12/2021
34871.13;Brand;Ceciley;8:24;4/6/2022
9371.27;Brandi;Cori;7:21;18/4/2022
49286.93;Gertrude;Tobin;17:54;1/11/2021
77761.2;Ceciley;Viole;10:24;25/8/2022
39879.56;Anissa;Maximilianus;21:07;28/5/2022
47358.05;Creigh;Kendricks;23:01;27/1/2022
78306.93;Peta;Jobye;8:20;30/7/2022
66576.77;Celesta;Sheffield;12:08;19/9/2022
96961.14;Land;Chevy;2:17;16/10/2022
44794.07;Jammie;Daphene;17:33;19/6/2022
27606.86;Catha;Stillman;10:16;31/5/2022
91013.31;Burton;Burty;6:33;11/9/2022
61295.94;Becka;Clemence;5:01;28/6/2022
33245.95;Jenilee;Wyatan;18:12;20/8/2022
97486.18;Kendra;Lebbie;3:09;21/12/2021
20236.64;Chadd;Federico;17:50;20/5/2022
77617.86;Carlie;Sasha;13:05;18/12/2021
21433.43;Andie;Almire;15:05;16/12/2021
29529.03;Johnny;Cinderella;12:19;26/12/2021
57552.55;Stanley;Sorcha;17:41;12/1/2022
65510.65;Bill;Mehetabel;4:48;26/4/2022
48794.26;Derk;Carrie;12:11;23/10/2021
92773.6;Jacquie;Gerald;16:18;6/4/2022
2521.45;Damian;Cynde;10:54;28/8/2022
65562.91;Alaster;Arthur;10:35;31/5/2022
15410.03;Ingram;Tate;8:29;14/6/2022
7085.9;Beverlee;Ellsworth;9:18;18/12/2021
24924.89;Shani;Giacopo;15:54;26/2/2022
55388.52;Vance;Karlan;10:32;25/3/2022
14101.17;Christen;Base;8:00;29/10/2021
22044.47;Callie;Hillier;4:53;7/5/2022
47201.25;Caryl;Hal;2:56;10/12/2021
69497.77;Toddie;Sephira;10:44;4/9/2022
30780.99;Penrod;Raddy;3:32;27/5/2022
22436.09;Marianna;Christy;17:08;12/5/2022
58399.41;Lucienne;Torin;1:00;3/3/2022
43495.76;Evelina;Imogen;18:13;1/7/2022
10396.91;Orton;Clemence;16:07;4/7/2022
23045.08;Amandy;Roda;12:27;7/3/2022
99666.19;Tore;Mada;2:25;9/10/2022
82944.93;Conney;Kylen;6:57;14/6/2022
67767.75;Wallace;Megen;1:39;31/5/2022
69633.36;Thaine;Kerr;20:30;18/1/2022
79706.47;Tana;Giacobo;20:28;24/6/2022
31544.52;Kort;Casandra;14:04;4/5/2022
30724.36;Quincey;Flossy;5:38;6/5/2022
63095.65;Shayla;Amandie;4:03;3/5/2022
49690.18;Elias;Corilla;18:52;10/7/2022
20056.42;Kathie;Merrill;21:10;16/9/2022
66238.21;Anica;Michaella;9:06;17/8/2022
9590.96;Madel;Mattie;8:48;23/7/2022
53178.53;Augustine;Andy;19:22;19/9/2022
57331.05;De;Nicholle;20:23;5/6/2022
59258.62;Tam;Thaddeus;21:55;6/3/2022
51824.98;Darnall;Claiborn;4:52;28/11/2021
80715.26;Malvin;Felix;12:52;22/11/2021
70650.61;Dickie;Skye;21:09;23/2/2022
79609.12;Adeline;Clair;8:36;23/1/2022
5392.22;Rafaelia;Desdemona;14:08;8/11/2021
48973.88;Susie;Kinna;10:26;10/8/2022
44840.05;Phillis;Matthieu;20:36;8/4/2022
27183.09;Guthrey;Pansy;4:49;24/9/2022
60720.03;Helge;Sharity;23:16;1/12/2021
86685.18;Gifford;Charmine;1:59;13/7/2022
60435.36;Shep;Latashia;9:38;13/8/2022
57552.86;Leanna;Wilt;4:51;30/8/2022
87188.59;Quintus;Jacki;16:13;2/11/2021
96813.85;Amity;Kathryne;21:09;20/4/2022
43974.8;Dawna;Calypso;4:46;21/2/2022
48392.2;Giovanna;Elsy;1:25;10/2/2022
38564.8;Glennis;Matthias;12:42;10/8/2022
2888.85;Karylin;Debera;3:18;20/6/2022
11079.53;Oliviero;Olympe;23:38;10/3/2022
12796.4;Shae;Cazzie;22:12;16/4/2022
18232.58;Tiffi;Dom;2:01;6/11/2021
74611.7;Jonas;Marjie;3:11;2/2/2022
29094.53;Brana;Laurie;16:33;4/11/2021
53630.7;Jacquelin;Susanna;17:32;8/8/2022
30724.54;Chloe;Maiga;20:31;18/8/2022
12944.92;Loree;Albert;15:37;17/10/2021
88275.43;Georgi;Dolorita;0:01;7/2/2022
79743.91;Tomaso;Billi;13:48;28/3/2022
90892.57;Marje;Kerk;10:06;31/5/2022
9714.41;Catherine;Terrye;8:08;9/4/2022
41928.1;Everett;Yoshiko;7:50;30/10/2021
85459.91;Mack;Frieda;3:06;24/8/2022
65599.86;Glynis;Hana;15:30;20/7/2022
11788.36;Lavena;Jennette;23:25;24/9/2022
21529.72;Gillan;Maximo;23:18;13/11/2021
38289.7;Kesley;Aila;0:50;17/1/2022
80181.17;Rodolph;Manolo;19:24;11/1/2022
23919.77;Minni;Janis;14:29;29/6/2022
49011.52;Nariko;Fae;13:49;1/10/2022
79575.13;Corney;Bill;4:48;18/4/2022
33166.5;Fawne;Dorothy;16:09;16/4/2022
96006.9;Jeramey;Enoch;11:57;13/4/2022
31428.63;Gertruda;Lamont;2:07;29/5/2022
10607.01;Waneta;Yule;1:35;11/6/2022
76047.26;Robbi;Jonell;0:43;11/12/2021
30540.67;Regan;Rosina;9:58;23/12/2021
38228.64;Camilla;Burnaby;10:42;22/4/2022
27444.54;Gavra;Artemas;19:37;11/2/2022
60704.17;Paxton;Ted;12:08;28/4/2022
84923.74;Andy;Donn;2:53;31/12/2021
7392.95;Yuri;Artemis;7:44;26/7/2022
40726.92;Gabriell;Aurore;14:23;25/1/2022
4711.1;Bartlet;Buiron;4:47;21/3/2022
86579.03;Rabi;Othilia;20:47;30/3/2022
37564.9;Aloysia;Winonah;10:45;3/11/2021
39594.66;Hill;Leonardo;5:43;29/5/2022
85923.13;Patric;Jania;7:47;24/2/2022
32939.77;Claus;Jaclin;22:39;1/7/2022
48197.4;Fallon;Galvin;19:28;7/5/2022
81484.24;Orson;Preston;8:59;15/2/2022
41503.37;Lotty;Ronny;4:45;15/4/2022
89255.03;Chancey;Bertie;1:29;10/7/2022
15583.3;Guendolen;Riordan;16:26;3/1/2022
94128.46;Daile;Loydie;10:01;26/2/2022
23122.63;Kahaleel;Dickie;10:12;19/10/2021
2059.26;Yehudi;Alphonse;6:26;19/4/2022
95253.37;Tamra;Adrianne;17:45;17/5/2022
94906.22;Philippe;Barton;19:05;1/12/2021
98158.94;Hillel;Donica;0:04;6/9/2022
38280.66;Kimmie;Jordan;10:51;22/9/2022
13236.98;Jeanine;Shayne;3:49;8/11/2021
56911.46;Gunner;Xena;11:00;7/8/2022
18692.92;Zechariah;Alexis;10:50;24/6/2022
63492.74;Lane;Killie;10:49;19/8/2022
30710.36;Noah;Mira;21:13;5/2/2022
22564.43;Barbette;Cordie;21:25;15/5/2022
96126.86;Toma;Carolus;10:15;22/2/2022
64119.81;Dominique;Rowan;16:00;23/12/2021
16623.17;April;Brigg;12:11;25/1/2022
30625.79;Marga;Dave;11:10;29/12/2021
49545.65;Walliw;Helene;19:05;13/11/2021
18815.99;Penn;Marilin;20:13;12/4/2022
42894.18;Armstrong;Guenevere;4:38;29/12/2021
88619.88;Jack;Fred;20:42;7/8/2022
25483.63;Merrill;Pam;12:43;4/6/2022
62422.55;Jennette;Philippine;22:49;9/4/2022
88990.49;Guinna;Rochester;0:24;3/8/2022
44616.57;Claudius;Friederike;0:20;11/4/2022
88178.93;Rhys;Pancho;12:20;3/10/2022
42785.96;Lethia;Kleon;1:19;5/7/2022
64262.38;Paulo;Hyatt;21:14;8/10/2022
6916.25;Bentlee;Amory;14:02;19/5/2022
91708.36;Edgard;Viviana;20:36;21/12/2021
11352.21;Lancelot;Cam;21:18;25/6/2022
84594.52;Jacquenetta;Alfonse;4:26;10/1/2022
27524.8;Bartolemo;Dulcinea;6:20;15/8/2022
83368.59;Del;Darryl;10:08;24/10/2021
11059.02;Riannon;Marcus;6:29;11/8/2022
88044.44;Merrily;Michele;20:01;14/1/2022
67172.12;Everard;Foster;14:27;12/12/2021
17858.5;Darlleen;Ivan;9:14;3/8/2022
7420.19;Antone;Jess;17:06;4/10/2022
23136.56;Nicolai;Wallace;9:12;20/5/2022
27782.47;Filippa;Cordelie;19:29;23/2/2022
60169.69;Berk;Aleece;23:43;27/1/2022
83299.91;Carolynn;Deedee;11:48;27/4/2022
73568.04;Ario;Jolene;6:57;18/9/2022
67376.46;Wilden;Erena;21:33;30/1/2022
1497.24;Atlanta;Micky;10:05;27/11/2021
79529.79;Bari;Edsel;10:38;16/10/2022
16613.74;Yolande;Bernita;10:26;14/4/2022
23239.4;Skelly;Tamra;1:30;28/12/2021
9559.68;Redd;Gerrilee;7:07;9/1/2022
45428.95;Webb;Oneida;18:33;11/4/2022
32971.97;Carney;Dode;13:09;10/1/2022
9.1;Gaylene;Jaquenette;18:48;30/9/2022
68390.27;Gardner;Marlie;9:00;12/6/2022
89038.3;Gerhard;Giralda;11:11;22/1/2022
55849.76;Meredith;Di;11:10;14/12/2021
35976.88;Margo;Gregoor;20:55;4/12/2021
40306.53;Durante;Christie;21:08;16/4/2022
47543.87;Selle;Kimberlee;11:21;11/1/2022
71919.89;Zerk;Geoffry;7:16;31/12/2021
21406.0;Chastity;Esta;22:17;25/3/2022
46205.75;Coleen;Rafaello;23:34;24/6/2022
68357.26;Berget;Winifield;13:26;4/11/2021
78336.02;Wallie;Megan;1:23;29/3/2022
60964.95;Alexandros;Darrel;12:59;10/11/2021
97736.6;Kerri;Cissiee;13:17;21/5/2022
44077.33;Denny;Annabal;20:15;28/6/2022
90029.47;Corrina;Carma;23:17;16/7/2022
80839.8;Sephira;Tarah;13:55;9/2/2022
80480.0;Leicester;Shea;16:50;4/10/2022
79913.44;Edwina;Rhona;1:51;28/5/2022
73219.67;Callida;Dallon;7:47;29/9/2022
23203.96;Carolina;Justinn;19:56;15/10/2022
70309.62;Kata;Nil;20:02;29/12/2021
47163.56;Odetta;Evanne;8:22;27/7/2022
9836.11;Tootsie;Janot;11:35;22/12/2021
82309.72;Adriena;Leupold;22:06;16/4/2022
90910.63;Mitch;Isabelita;23:33;18/10/2021
13021.17;Collie;Rahal;8:37;29/8/2022
40583.77;Holly-anne;Cindy;10:45;31/7/2022
50799.05;Pernell;Ginnie;5:58;3/3/2022
32733.79;Gweneth;Cloe;15:55;17/12/2021
58974.72;Bertina;Boyd;5:19;23/11/2021
84113.84;Mason;Saraann;6:07;24/1/2022
98880.9;Clio;Lutero;19:10;22/2/2022
61924.82;Adelind;Annis;17:47;29/8/2022
88177.0;Billi;Trenna;11:12;3/2/2022
91054.59;Papageno;Vera;11:24;10/2/2022
61003.42;Kerr;Torry;16:50;11/11/2021
37825.39;Giorgi;Steward;17:36;2/8/2022
4774.08;Chico;Christin;20:18;26/7/2022
81198.76;Karole;Sarene;6:38;25/5/2022
99074.13;Ranice;Owen;13:04;18/6/2022
24907.24;Lind;Rochelle;5:42;30/5/2022
82288.52;Denny;Conrad;22:20;26/2/2022
45805.66;Sibelle;Itch;0:04;15/7/2022
50218.81;Nady;Free;10:42;8/11/2021
8916.47;Cirstoforo;Claribel;4:50;22/1/2022
7951.05;Dian;Morgan;14:45;6/6/2022
82507.81;Melva;Prissie;15:40;10/5/2022
1935.82;Nike;Xerxes;8:19;25/7/2022
88564.02;Hasty;Noel;20:35;12/4/2022
99148.65;Crista;Babette;11:26;7/12/2021
23930.25;Querida;Evita;13:04;18/5/2022
56190.22;Jada;Feodor;9:11;5/9/2022
39958.21;Carmelita;Nertie;23:46;8/1/2022
25820.95;Lesley;Sandie;17:33;23/6/2022
9449.75;Davida;Julietta;3:52;24/4/2022
92355.5;Eimile;Joye;0:47;3/10/2022
112.68;Georges;Amalie;2:06;12/10/2022
53729.96;Radcliffe;Mortimer;6:29;30/1/2022
88736.09;Timofei;Fancie;10:34;3/6/2022
72714.05;Guglielma;Fran;2:05;25/6/2022
78543.21;Lou;Bram;21:42;26/8/2022
57955.57;Annice;Rozella;10:59;17/1/2022
31918.21;Cristiano;Ransom;2:55;29/8/2022
52970.08;Caro;Adiana;19:33;20/9/2022
13729.77;Trey;Mandi;13:13;16/5/2022
12259.45;Scarface;Elisabet;16:39;27/12/2021
99992.66;Tana;Angela;20:31;28/8/2022
76315.92;Samantha;Maure;13:30;17/4/2022
73421.96;Tonye;Bendite;22:30;7/7/2022
88890.99;Mahalia;Junia;15:09;15/3/2022
26129.74;Audi;Hymie;16:57;24/2/2022
872.43;Ezequiel;Nikolai;16:11;18/2/2022
20332.6;Ermin;Dalia;3:01;23/5/2022
62701.42;Kassia;Simeon;15:22;15/11/2021
47832.28;Tatiana;Chandra;4:33;26/1/2022
88343.42;Ursala;Dorris;18:31;7/5/2022
18659.16;Rustie;Marcellina;8:37;1/5/2022
58697.5;Daffi;Clarey;6:20;19/2/2022
32118.04;Thain;Juditha;5:58;4/3/2022
45025.96;Charo;Julienne;17:55;25/9/2022
14422.32;Herbert;Benoit;15:04;29/8/2022
24938.0;Natal;Morgan;1:32;1/12/2021
91323.11;Josie;Peder;1:54;16/9/2022
73641.57;Margarette;Stern;1:11;15/4/2022
14908.63;Adara;Vassily;17:10;12/5/2022
15304.2;Filberto;Hyacinth;1:04;28/9/2022
77223.44;Charlene;Nobe;16:12;12/6/2022
43705.11;Carney;Dorry;13:31;16/12/2021
38423.17;Charita;Dorette;5:01;29/12/2021
68965.6;Ralph;Kevina;0:22;14/1/2022
75275.06;Townsend;Loralee;17:49;10/9/2022
84502.6;Georgiana;Anet;4:25;13/1/2022
68958.08;Sherwood;Rosalynd;3:09;19/8/2022
11156.44;Caralie;Cly;20:50;10/1/2022
32456.65;Astra;Nissa;12:56;30/7/2022
88172.86;Tedman;Corrie;17:25;21/4/2022
58543.39;Reinaldos;Adda;2:00;27/12/2021
52192.7;Kathleen;Shae;4:09;13/10/2022
65465.01;Germaine;Catrina;15:53;30/6/2022
65619.09;Berkley;Janel;22:51;11/1/2022
36383.13;Brianne;Niels;13:27;28/8/2022
81941.02;Ken;Zebadiah;23:57;11/9/2022
90425.9;Grazia;Walt;23:11;7/9/2022
59251.8;Drew;Annmaria;12:33;8/7/2022
60983.14;Bartolemo;Henrik;2:01;9/10/2022
4373.79;Wilma;Alick;2:17;7/11/2021
56333.02;Burl;Theresita;9:56;5/1/2022
74602.12;Gian;Franchot;1:52;27/12/2021
18901.8;Ericha;Emelita;5:20;14/12/2021
53529.47;Selig;Neron;3:21;25/8/2022
80722.46;Rhys;Ophelia;3:17;12/5/2022
61899.3;Georg;Chan;1:21;4/6/2022
33707.37;Eb;Loree;14:55;11/3/2022
21893.23;Lloyd;Alfi;16:44;3/8/2022
25688.2;Jude;Howard;3:46;8/9/2022
12040.09;Flinn;Prisca;5:57;7/7/2022
8785.42;Tomkin;Hazel;19:58;10/7/2022
54254.96;Jimmy;Inessa;7:42;3/2/2022
98170.42;Linn;Amby;21:18;30/3/2022
79178.74;Filippo;Pierre;7:28;28/7/2022
41500.62;Rolland;Eduino;10:22;22/8/2022
96809.92;Ricardo;Sauveur;16:56;21/5/2022
47520.73;Justina;Giorgia;19:30;9/10/2022
73348.34;Catherine;Petr;2:36;6/6/2022
23871.82;Clio;Robbi;16:49;22/11/2021
18133.38;Moishe;Zahara;19:15;29/10/2021
64716.91;Gui;Herminia;0:27;25/4/2022
33921.1;Cyrille;Claybourne;3:53;24/6/2022
64886.3;Tasha;Lindsay;7:35;14/11/2021
31524.54;Gretal;Gaspard;21:09;25/11/2021
84900.49;Cinderella;Aloysius;21:25;20/1/2022
14460.28;Pavel;Jandy;3:45;2/12/2021
13537.48;King;Ruddie;9:38;26/11/2021
96495.66;Janean;Hester;3:29;3/9/2022
75805.3;Caleb;Judd;3:50;30/12/2021
84851.79;Brien;Sigismond;20:30;31/1/2022
26031.0;Annabel;Matthus;19:12;8/12/2021
7648.6;Polly;Hank;8:10;9/7/2022
31055.04;Rena;Wilbur;22:10;1/10/2022
86171.81;Valera;Bradley;14:59;1/4/2022
44958.33;Chickie;Colby;23:19;15/8/2022
74559.01;Shea;Dalli;15:43;21/2/2022
10372.42;Casey;Alleyn;6:04;31/7/2022
88408.95;Gillan;Shandy;7:55;21/1/2022
53282.77;Karel;Spenser;13:54;28/1/2022
44980.2;Margy;Elsi;10:38;20/6/2022
52368.83;Cassy;Blanca;19:59;16/2/2022
14609.98;Celestyna;Jaquelyn;5:46;22/6/2022
14352.44;Julianna;Boigie;0:57;26/11/2021
86830.71;Darla;Caresse;4:48;24/9/2022
23046.86;Brena;Jacky;1:54;19/4/2022
43737.76;Alisha;Modesty;22:07;2/10/2022
31877.67;Amory;Nealon;17:12;28/1/2022
58190.09;Annabal;Boy;5:00;18/2/2022
87492.53;Jinny;Ruperta;9:41;25/10/2021
49609.92;Melisse;Karina;8:39;11/10/2022
6705.66;Jolene;Liesa;12:36;29/10/2021
69601.85;Ninetta;Mara;19:39;18/2/2022
49084.61;Cassey;Hilary;11:12;7/11/2021
78078.9;Clemmie;Jessy;13:49;1/11/2021
63735.46;Georgy;Darcey;11:06;28/4/2022
38612.91;Brynn;Kendricks;16:26;11/9/2022
44947.47;Mallorie;Hal;19:35;8/3/2022
94103.09;Brunhilda;Borg;15:44;12/12/2021
76490.67;Micah;Humfried;10:12;11/5/2022
49993.41;Coretta;Talyah;15:14;24/1/2022
37015.15;Dorian;Lucia;8:05;1/6/2022
55685.47;Raf;Gerti;10:29;7/8/2022
4047.09;Kevan;Gusti;5:03;22/10/2021
86285.99;Mordy;Igor;23:03;14/6/2022
28444.67;Vernon;Edith;15:01;1/7/2022
69814.07;Ammamaria;Margo;16:11;12/7/2022
19964.22;Reinwald;Duff;18:31;17/4/2022
88735.69;Billie;Horst;21:33;3/3/2022
80789.98;Linnie;Waly;14:27;13/12/2021
89983.98;Blisse;Cornelle;1:55;1/10/2022
67960.79;Dyann;Daphna;3:27;19/9/2022
66255.26;Hobart;Gilly;21:39;29/4/2022
21268.02;Ivory;Harwilll;18:35;14/9/2022
3885.99;Harriette;Matteo;17:17;19/12/2021
64221.85;Dwain;Alano;4:13;29/8/2022
63551.58;Julienne;Roley;11:49;6/6/2022
75149.12;Natty;Carmel;12:03;24/2/2022
447.59;Eugenius;Moyra;15:03;20/5/2022
6461.82;Ky;Briny;0:53;8/11/2021
62595.96;Nathalie;Padgett;14:07;9/3/2022
83998.1;Markus;Bev;19:01;25/3/2022
98092.89;Joachim;Spencer;20:45;6/8/2022
15730.49;Anabal;Kippy;10:12;14/2/2022
13699.65;Glen;Julian;14:32;13/8/2022
1706.74;Daniel;Regan;14:17;19/2/2022
41235.81;Babara;Zitella;23:05;28/1/2022
65818.43;Vladamir;Kenn;19:57;3/10/2022
55420.9;Aloise;Talbot;18:38;24/11/2021
99383.27;Pansy;Benjamin;3:08;6/11/2021
59256.19;Kenna;Janifer;15:21;19/12/2021
73324.98;Moishe;Yolanthe;20:05;10/5/2022
2141.95;Salvador;Kay;16:34;10/6/2022
51039.17;Cassius;Ruthi;12:40;3/5/2022
91233.24;Octavia;Norby;23:46;5/2/2022
70776.6;Haskell;Loy;23:10;19/3/2022
12713.12;Faina;Idalina;2:18;4/12/2021
34771.45;Naomi;Andrej;12:02;3/6/2022
65895.28;Leigha;Colet;16:18;20/6/2022
42929.93;Charleen;Cooper;8:17;5/7/2022
51852.53;Carolyn;Gasper;18:52;21/10/2021
10932.0;Kass;Rochette;17:34;18/7/2022
33822.63;Tamera;Candida;2:16;16/3/2022
